isbt_allele	variant_id	hgvs_transcript	hgvs_genomic_grch37	hgvs_genomic_grch38
GYP*01N	898	<no hgvs_transcript>	NC_000004.11:g.144917199_145041658del	NC_000004.12:g.143996046_144120505del
RHD*01N.42	1067	<no hgvs_transcript>	NC_000001.10:g.25633087_25658457del	NC_000001.11:g.25306596_25331966del
GYP*602	1789			
GYP*601	1789			
KLF1*BGM01	1673	<no hgvs_transcript>	NC_000019.9:g.12998078A>G	NC_000019.10:g.12887264A>G
ABCC1*01N.01	830	<no hgvs_transcript>	NC_000013.10:g.95670708_95738236del	NC_000013.11:g.95018454_95085982del
XG*01N.03	1731	<no hgvs_transcript>	NC_000023.10:g.2694703_2809097del	NC_000023.11:g.2776662_2891056del
GYPA*28N.01	1732	<no hgvs_transcript>	NC_000004.11:g.144940407_145041744del	NC_000004.12:g.144019254_144120591del
GYPB*05N.01	1730	<no hgvs_transcript>	NC_000004.11:g.144916343_144940535del	NC_000004.12:g.143995190_144019382del
GYPB*05N.02	1730	<no hgvs_transcript>	NC_000004.11:g.144916343_144940535del	NC_000004.12:g.143995190_144019382del
GYPB*05N.04	1736	<no hgvs_transcript>	NC_000004.11:g.144826626_144922436del	NC_000004.12:g.143905473_144001283del
ATP11C*01N.01	1741	<no hgvs_transcript>	NC_000023.10:g.138808505_139027435del	NC_000023.11:g.139726346_139945276del
CTL2*01N.01	829	<no hgvs_transcript>	NC_000019.9:g.10709410_10746698del	NC_000019.10:g.10598734_10636022del
A4GALT*N.01	834	<no hgvs_transcript>	NC_000022.10:g.43097156_43129968del	NC_000022.11:g.42701150_42733962del
A4GALT*N.02	833	<no hgvs_transcript>	NC_000022.10:g.43103908_43124771del	NC_000022.11:g.42707902_42728765del
A4GALT*N.03	832	<no hgvs_transcript>	NC_000022.10:g.43095129_43120762del	NC_000022.11:g.42699123_42724756del
ABCC4*01N.01	830	<no hgvs_transcript>	NC_000013.10:g.95670708_95738236del	NC_000013.11:g.95018454_95085982del
RHAG*01N.15	826	<no hgvs_transcript>	NC_000006.11:g.49570888_49609587del	NC_000006.12:g.49603175_49641874del
XG*01N.01	770	<no hgvs_transcript>	NC_000023.10:g.2666384G>C	NC_000023.11:g.2748343G>C
XK*N.01	835	<no hgvs_transcript>	NC_000023.10:g.37540133_37593383del	NC_000023.11:g.37680880_37734130del
XK*N.03	775	<no hgvs_transcript>	NC_000023.10:g.37543316_37546778del	NC_000023.11:g.37684063_37687525del
XK*N.06	837	<no hgvs_transcript>	NC_000023.10:g.37544944_37545334del	NC_000023.11:g.37685691_37686081del
XK*N.05	836	<no hgvs_transcript>	NC_000023.10:g.37586889_37595051del	NC_000023.11:g.37727636_37735798del
GYP*201.01	900	<no hgvs_transcript>	NC_000004.11:g.144918731_145040839del	NC_000004.12:g.143997578_144119686del
GYP*202.01	900	<no hgvs_transcript>	NC_000004.11:g.144918731_145040839del	NC_000004.12:g.143997578_144119686del
GYP*203.01	899	<no hgvs_transcript>	NC_000004.11:g.144917456_145039867del	NC_000004.12:g.143996303_144118714del
